<?xml version="1.0" encoding="UTF-8"?>
<project-private xmlns="http://www.netbeans.org/ns/project-private/1">
    <editor-bookmarks xmlns="http://www.netbeans.org/ns/editor-bookmarks/2" lastBookmarkId="0"/>
    <open-files xmlns="http://www.netbeans.org/ns/projectui-open-files/2">
        <group>
            <file>file:/C:/Users/nguyen/Documents/Zalo%20Received%20Files/JavaApplication2%20(1)/JavaApplication2/JavaApplication2/JavaApplication2/src/javaapplication2/LevelMedium.java</file>
            <file>file:/C:/Users/nguyen/Documents/Zalo%20Received%20Files/JavaApplication2%20(1)/JavaApplication2/JavaApplication2/JavaApplication2/src/javaapplication2/LevelHard.java</file>
            <file>file:/C:/Users/nguyen/Documents/Zalo%20Received%20Files/JavaApplication2%20(1)/JavaApplication2/JavaApplication2/JavaApplication2/src/javaapplication2/Help.java</file>
            <file>file:/C:/Users/nguyen/Documents/Zalo%20Received%20Files/JavaApplication2%20(1)/JavaApplication2/JavaApplication2/JavaApplication2/src/javaapplication2/LevelNormal.java</file>
        </group>
    </open-files>
</project-private>
